{"data_time": 0.020729032000019743, "eta_seconds": 12693.719514959967, "fast_rcnn/cls_accuracy": 0.44921875, "fast_rcnn/false_negative": 0.8974025974025974, "fast_rcnn/fg_cls_accuracy": 0.0, "iteration": 19, "loss_box_reg": 0.5562828481197357, "loss_cls": 1.4820553660392761, "loss_rpn_cls": 0.05112437531352043, "loss_rpn_loc": 0.1595093309879303, "lr": 9.7405e-06, "rank_data_time": 0.020729032000019743, "roi_head/num_bg_samples": 105.75, "roi_head/num_fg_samples": 22.25, "rpn/num_neg_anchors": 198.5, "rpn/num_pos_anchors": 57.5, "time": 26.44524898949993, "total_loss": 2.357510989997536}
{"data_time": 0.019772583499957364, "eta_seconds": 11720.674302469946, "fast_rcnn/cls_accuracy": 0.759765625, "fast_rcnn/false_negative": 1.0, "fast_rcnn/fg_cls_accuracy": 0.0, "iteration": 39, "loss_box_reg": 0.5516519844532013, "loss_cls": 1.3449524641036987, "loss_rpn_cls": 0.05179240182042122, "loss_rpn_loc": 0.16240821778774261, "lr": 1.97305e-05, "rank_data_time": 0.019772583499957364, "roi_head/num_bg_samples": 105.75, "roi_head/num_fg_samples": 22.25, "rpn/num_neg_anchors": 178.5, "rpn/num_pos_anchors": 77.5, "time": 24.43342522399996, "total_loss": 2.1829960085451603}
{"data_time": 0.017412233999948512, "eta_seconds": 10253.558784259982, "fast_rcnn/cls_accuracy": 0.826171875, "fast_rcnn/false_negative": 1.0, "fast_rcnn/fg_cls_accuracy": 0.0, "iteration": 59, "loss_box_reg": 0.5732901692390442, "loss_cls": 1.0637463927268982, "loss_rpn_cls": 0.05601338669657707, "loss_rpn_loc": 0.1830587536096573, "lr": 2.9720499999999998e-05, "rank_data_time": 0.017412233999948512, "roi_head/num_bg_samples": 105.75, "roi_head/num_fg_samples": 22.25, "rpn/num_neg_anchors": 183.0, "rpn/num_pos_anchors": 73.0, "time": 21.72798439600001, "total_loss": 1.8134007845073938}
{"data_time": 0.016594115500083717, "eta_seconds": 9584.353928099976, "fast_rcnn/cls_accuracy": 0.833984375, "fast_rcnn/false_negative": 1.0, "fast_rcnn/fg_cls_accuracy": 0.0, "iteration": 79, "loss_box_reg": 0.48549684882164, "loss_cls": 0.7325788736343384, "loss_rpn_cls": 0.04394349828362465, "loss_rpn_loc": 0.14948789030313492, "lr": 3.9710500000000005e-05, "rank_data_time": 0.016594115500083717, "roi_head/num_bg_samples": 106.75, "roi_head/num_fg_samples": 21.25, "rpn/num_neg_anchors": 194.25, "rpn/num_pos_anchors": 61.75, "time": 21.943195110000033, "total_loss": 1.4672514535486698}
{"data_time": 0.020788457999969978, "eta_seconds": 9049.28856700003, "fast_rcnn/cls_accuracy": 0.841796875, "fast_rcnn/false_negative": 1.0, "fast_rcnn/fg_cls_accuracy": 0.0, "iteration": 99, "loss_box_reg": 0.49144168198108673, "loss_cls": 0.5921355187892914, "loss_rpn_cls": 0.044676750898361206, "loss_rpn_loc": 0.15259986370801926, "lr": 4.97005e-05, "rank_data_time": 0.020788457999969978, "roi_head/num_bg_samples": 107.75, "roi_head/num_fg_samples": 20.25, "rpn/num_neg_anchors": 187.25, "rpn/num_pos_anchors": 68.75, "time": 22.04462106400024, "total_loss": 1.321169188246131}
{"data_time": 0.016844802000150594, "eta_seconds": 8453.627794349977, "fast_rcnn/cls_accuracy": 0.830078125, "fast_rcnn/false_negative": 1.0, "fast_rcnn/fg_cls_accuracy": 0.0, "iteration": 119, "loss_box_reg": 0.5306945145130157, "loss_cls": 0.5207417011260986, "loss_rpn_cls": 0.04767482914030552, "loss_rpn_loc": 0.10200632363557816, "lr": 5.96905e-05, "rank_data_time": 0.016844802000150594, "roi_head/num_bg_samples": 106.25, "roi_head/num_fg_samples": 21.75, "rpn/num_neg_anchors": 205.5, "rpn/num_pos_anchors": 50.5, "time": 20.49656389650022, "total_loss": 1.2524496698752046}
{"data_time": 0.019875481500093883, "eta_seconds": 8074.209627359996, "fast_rcnn/cls_accuracy": 0.84375, "fast_rcnn/false_negative": 1.0, "fast_rcnn/fg_cls_accuracy": 0.0, "iteration": 139, "loss_box_reg": 0.4460171014070511, "loss_cls": 0.4204610586166382, "loss_rpn_cls": 0.05424794182181358, "loss_rpn_loc": 0.14690539240837097, "lr": 6.96805e-05, "rank_data_time": 0.019875481500093883, "roi_head/num_bg_samples": 108.0, "roi_head/num_fg_samples": 20.0, "rpn/num_neg_anchors": 193.75, "rpn/num_pos_anchors": 62.25, "time": 23.40324508000026, "total_loss": 1.09136444889009}
{"data_time": 0.017343683500257612, "eta_seconds": 7659.00640721994, "fast_rcnn/cls_accuracy": 0.845703125, "fast_rcnn/false_negative": 1.0, "fast_rcnn/fg_cls_accuracy": 0.0, "iteration": 159, "loss_box_reg": 0.45371709764003754, "loss_cls": 0.4038628935813904, "loss_rpn_cls": 0.0429134014993906, "loss_rpn_loc": 0.10961930081248283, "lr": 7.967050000000001e-05, "rank_data_time": 0.017343683500257612, "roi_head/num_bg_samples": 108.25, "roi_head/num_fg_samples": 19.75, "rpn/num_neg_anchors": 197.5, "rpn/num_pos_anchors": 58.5, "time": 23.353488010500314, "total_loss": 1.04317207634449}
{"data_time": 0.01845084449996648, "eta_seconds": 7239.430853600024, "fast_rcnn/cls_accuracy": 0.865234375, "fast_rcnn/false_negative": 1.0, "fast_rcnn/fg_cls_accuracy": 0.0, "iteration": 179, "loss_box_reg": 0.4394882768392563, "loss_cls": 0.3557858318090439, "loss_rpn_cls": 0.03435058146715164, "loss_rpn_loc": 0.16003522276878357, "lr": 8.966049999999999e-05, "rank_data_time": 0.01845084449996648, "roi_head/num_bg_samples": 110.0, "roi_head/num_fg_samples": 18.0, "rpn/num_neg_anchors": 192.25, "rpn/num_pos_anchors": 63.75, "time": 23.547648160500103, "total_loss": 0.9526457516476512}
{"data_time": 0.019518058999437926, "eta_seconds": 6875.8532751000075, "fast_rcnn/cls_accuracy": 0.86328125, "fast_rcnn/false_negative": 0.7883522727272727, "fast_rcnn/fg_cls_accuracy": 0.1470905172413793, "iteration": 199, "loss_box_reg": 0.4902162551879883, "loss_cls": 0.35694630444049835, "loss_rpn_cls": 0.03178807441145182, "loss_rpn_loc": 0.08358585461974144, "lr": 9.96505e-05, "rank_data_time": 0.019518058999437926, "roi_head/num_bg_samples": 106.75, "roi_head/num_fg_samples": 21.25, "rpn/num_neg_anchors": 203.5, "rpn/num_pos_anchors": 52.5, "time": 24.69455929300011, "total_loss": 1.00741964019835}
{"data_time": 0.01846958000032828, "eta_seconds": 6439.05335766005, "fast_rcnn/cls_accuracy": 0.888671875, "fast_rcnn/false_negative": 0.6939964157706093, "fast_rcnn/fg_cls_accuracy": 0.1765536723163842, "iteration": 219, "loss_box_reg": 0.47586219012737274, "loss_cls": 0.31616663932800293, "loss_rpn_cls": 0.03316813334822655, "loss_rpn_loc": 0.12493918091058731, "lr": 0.00010964050000000001, "rank_data_time": 0.01846958000032828, "roi_head/num_bg_samples": 110.0, "roi_head/num_fg_samples": 18.0, "rpn/num_neg_anchors": 201.5, "rpn/num_pos_anchors": 54.5, "time": 24.603586373500093, "total_loss": 0.9598740804940462}
{"data_time": 0.024479653000071266, "eta_seconds": 6046.600954290066, "fast_rcnn/cls_accuracy": 0.876953125, "fast_rcnn/false_negative": 0.4774816176470588, "fast_rcnn/fg_cls_accuracy": 0.2591575091575091, "iteration": 239, "loss_box_reg": 0.5160605013370514, "loss_cls": 0.3681365102529526, "loss_rpn_cls": 0.0347314290702343, "loss_rpn_loc": 0.10958115756511688, "lr": 0.0001196305, "rank_data_time": 0.024479653000071266, "roi_head/num_bg_samples": 105.25, "roi_head/num_fg_samples": 22.75, "rpn/num_neg_anchors": 188.75, "rpn/num_pos_anchors": 67.25, "time": 25.826123828000163, "total_loss": 1.0585023974999785}
{"data_time": 0.0184427355002299, "eta_seconds": 5613.179471880067, "fast_rcnn/cls_accuracy": 0.916015625, "fast_rcnn/false_negative": 0.35384615384615387, "fast_rcnn/fg_cls_accuracy": 0.42592592592592593, "iteration": 259, "loss_box_reg": 0.38051965832710266, "loss_cls": 0.2508910298347473, "loss_rpn_cls": 0.033792534843087196, "loss_rpn_loc": 0.1256367415189743, "lr": 0.0001296205, "rank_data_time": 0.0184427355002299, "roi_head/num_bg_samples": 110.25, "roi_head/num_fg_samples": 17.75, "rpn/num_neg_anchors": 205.5, "rpn/num_pos_anchors": 50.5, "time": 24.814670116499656, "total_loss": 0.8525839587673545}
{"data_time": 0.018071841499931907, "eta_seconds": 5153.553557350001, "fast_rcnn/cls_accuracy": 0.8984375, "fast_rcnn/false_negative": 0.37, "fast_rcnn/fg_cls_accuracy": 0.38181818181818183, "iteration": 279,