{"data_time": 0.001960374000191223, "eta_seconds": 2081.0276673601766, "fast_rcnn/cls_accuracy": 0.55078125, "fast_rcnn/false_negative": 0.06696428571428571, "fast_rcnn/fg_cls_accuracy": 0.25245098039215685, "iteration": 19, "loss_box_reg": 0.5044258534908295, "loss_cls": 1.477343201637268, "loss_rpn_cls": 0.06844186410307884, "loss_rpn_loc": 0.1835920661687851, "lr": 9.7405e-06, "roi_head/num_bg_samples": 107.5, "roi_head/num_fg_samples": 20.5, "rpn/num_neg_anchors": 197.75, "rpn/num_pos_anchors": 58.25, "time": 4.335474307000368, "total_loss": 2.3003044091165066}
{"data_time": 0.0022940914996070205, "eta_seconds": 2008.2168528298644, "fast_rcnn/cls_accuracy": 0.79296875, "fast_rcnn/false_negative": 0.5357142857142857, "fast_rcnn/fg_cls_accuracy": 0.11964285714285713, "iteration": 39, "loss_box_reg": 0.5947190225124359, "loss_cls": 1.3022634983062744, "loss_rpn_cls": 0.04259915091097355, "loss_rpn_loc": 0.18683870881795883, "lr": 1.97305e-05, "roi_head/num_bg_samples": 106.0, "roi_head/num_fg_samples": 22.0, "rpn/num_neg_anchors": 187.5, "rpn/num_pos_anchors": 68.5, "time": 4.365688810499705, "total_loss": 2.176884103566408}
{"data_time": 0.0018809649991453625, "eta_seconds": 2002.1429485204135, "fast_rcnn/cls_accuracy": 0.822265625, "fast_rcnn/false_negative": 1.0, "fast_rcnn/fg_cls_accuracy": 0.0, "iteration": 59, "loss_box_reg": 0.5485861599445343, "loss_cls": 1.0373970866203308, "loss_rpn_cls": 0.050026291981339455, "loss_rpn_loc": 0.08984525874257088, "lr": 2.9720499999999998e-05, "roi_head/num_bg_samples": 104.75, "roi_head/num_fg_samples": 23.25, "rpn/num_neg_anchors": 211.75, "rpn/num_pos_anchors": 44.25, "time": 4.5760198675006905, "total_loss": 1.7520427890121937}
{"data_time": 0.0021205440007179277, "eta_seconds": 1886.08450800004, "fast_rcnn/cls_accuracy": 0.82421875, "fast_rcnn/false_negative": 1.0, "fast_rcnn/fg_cls_accuracy": 0.0, "iteration": 79, "loss_box_reg": 0.5563667714595795, "loss_cls": 0.7758836448192596, "loss_rpn_cls": 0.05569294095039368, "loss_rpn_loc": 0.1314600259065628, "lr": 3.9710500000000005e-05, "roi_head/num_bg_samples": 105.5, "roi_head/num_fg_samples": 22.5, "rpn/num_neg_anchors": 199.0, "rpn/num_pos_anchors": 57.0, "time": 4.424961261000135, "total_loss": 1.5412572529166937}
{"data_time": 0.0018226894990220899, "eta_seconds": 1767.917714199939, "fast_rcnn/cls_accuracy": 0.837890625, "fast_rcnn/false_negative": 1.0, "fast_rcnn/fg_cls_accuracy": 0.0, "iteration": 99, "loss_box_reg": 0.4990532249212265, "loss_cls": 0.5943429172039032, "loss_rpn_cls": 0.0420893169939518, "loss_rpn_loc": 0.10999960079789162, "lr": 4.97005e-05, "roi_head/num_bg_samples": 107.25, "roi_head/num_fg_samples": 20.75, "rpn/num_neg_anchors": 196.0, "rpn/num_pos_anchors": 60.0, "time": 4.198866422999345, "total_loss": 1.2991570113226771}
{"data_time": 0.0018171284991694847, "fast_rcnn/cls_accuracy": 0.841796875, "fast_rcnn/false_negative": 1.0, "fast_rcnn/fg_cls_accuracy": 0.0, "iteration": 117, "loss_box_reg": 0.44894036650657654, "loss_cls": 0.4849180728197098, "loss_rpn_cls": 0.03302287496626377, "loss_rpn_loc": 0.12416446208953857, "lr": 5.86915e-05, "roi_head/num_bg_samples": 107.75, "roi_head/num_fg_samples": 20.25, "rpn/num_neg_anchors": 198.0, "rpn/num_pos_anchors": 58.0, "time": 4.421802014000605, "total_loss": 1.1019483488053083}
{"eta_seconds": 1682.2349767098913, "iteration": 118}
